{
    "version": 16,
    "schema": {
        "Clump Thickness": "numeric",
        "Uniformity of Cell Size": "numeric",
        "Uniformity of Cell Shape": "numeric",
        "Marginal Adhesion": "numeric",
        "Single Epithelial Cell Size": "numeric",
        "Bare Nuclei": "numeric",
        "Bland Chromatin": "numeric",
        "Normal Nucleoli": "numeric",
        "Mitoses": "numeric",
        "Class": "numeric"
    },
    "_label": "Single Epithelial Cell Size",
    "train_result": {
        "valid_result": {},
        "mean_squared_error": 0.022716089758823044,
        "mean_absolute_error": 0.08810622469799052,
        "r2_score": 0.6271427355469734
    },
    "test_result": {
        "test_1": {
            "mean_squared_error": 0.02085769710581113,
            "mean_absolute_error": 0.09007643906514741,
            "r2_score": 0.6302891781961257
        },
        "test_2": {
            "mean_squared_error": 0.02085769710581113,
            "mean_absolute_error": 0.09007643906514741,
            "r2_score": 0.6302891781961257
        },
        "test_3": {
            "mean_squared_error": 0.02085769710581113,
            "mean_absolute_error": 0.09007643906514741,
            "r2_score": 0.6302891781961257
        },
        "test_4": {
            "mean_squared_error": 0.02085769710581113,
            "mean_absolute_error": 0.09007643906514741,
            "r2_score": 0.6302891781961257
        },
        "test_5": {
            "mean_squared_error": 0.02085769710581113,
            "mean_absolute_error": 0.09007643906514741,
            "r2_score": 0.6302891781961257
        },
        "test_6": {
            "mean_squared_error": 0.02085769710581113,
            "mean_absolute_error": 0.09007643906514741,
            "r2_score": 0.6302891781961257
        },
        "test_7": {
            "mean_squared_error": 0.02085769710581113,
            "mean_absolute_error": 0.09007643906514741,
            "r2_score": 0.6302891781961257
        },
        "test_8": {
            "mean_squared_error": 0.02085769710581113,
            "mean_absolute_error": 0.09007643906514741,
            "r2_score": 0.6302891781961257
        },
        "test_9": {
            "mean_squared_error": 0.02085769710581113,
            "mean_absolute_error": 0.09007643906514741,
            "r2_score": 0.6302891781961257
        },
        "test_10": {
            "mean_squared_error": 0.02085769710581113,
            "mean_absolute_error": 0.09007643906514741,
            "r2_score": 0.6302891781961257
        },
        "test_11": {
            "mean_squared_error": 0.02085769710581113,
            "mean_absolute_error": 0.09007643906514741,
            "r2_score": 0.6302891781961257
        },
        "test_12": {
            "mean_squared_error": 0.02085769710581113,
            "mean_absolute_error": 0.09007643906514741,
            "r2_score": 0.6302891781961257
        },
        "test_13": {
            "mean_squared_error": 0.02085769710581113,
            "mean_absolute_error": 0.09007643906514741,
            "r2_score": 0.6302891781961257
        },
        "test_14": {
            "mean_squared_error": 0.02085769710581113,
            "mean_absolute_error": 0.09007643906514741,
            "r2_score": 0.6302891781961257
        },
        "test_15": {
            "mean_squared_error": 0.02085769710581113,
            "mean_absolute_error": 0.09007643906514741,
            "r2_score": 0.6302891781961257
        },
        "test_16": {
            "mean_squared_error": 0.02085769710581113,
            "mean_absolute_error": 0.09007643906514741,
            "r2_score": 0.6302891781961257
        }
    }
}