{
    "version": 8,
    "schema": {
        "age": "catalogue",
        "workclass": "catalogue",
        "fnlwgt": "numeric",
        "education": "catalogue",
        "education-num": "numeric",
        "marital-status": "catalogue",
        "occupation": "catalogue",
        "relationship": "catalogue",
        "race": "catalogue",
        "sex": "catalogue",
        "capital-gain": "numeric",
        "capital-loss": "numeric",
        "hours-per-week": "numeric",
        "native-country": "catalogue",
        "income": "catalogue"
    },
    "_label": "age",
    "train_result": {
        "valid_result": {},
        "accuracy": 0.4467261782891773,
        "precision": 0.44532634142428185,
        "recall_score": 0.4467261782891773,
        "f1": 0.42921880481650865
    },
    "test_result": {
        "test_1": {
            "accuracy": 0.45714285714285713,
            "precision": 0.46436274149896983,
            "recall_score": 0.45714285714285713,
            "f1": 0.43568989806056535
        },
        "test_2": {
            "accuracy": 0.45714285714285713,
            "precision": 0.46436274149896983,
            "recall_score": 0.45714285714285713,
            "f1": 0.43568989806056535
        },
        "test_3": {
            "accuracy": 0.4405737704918033,
            "precision": 0.4282369168292514,
            "recall_score": 0.4405737704918033,
            "f1": 0.4218213654703145
        },
        "test_4": {
            "accuracy": 0.45714285714285713,
            "precision": 0.46436274149896983,
            "recall_score": 0.45714285714285713,
            "f1": 0.43568989806056535
        },
        "test_5": {
            "accuracy": 0.45714285714285713,
            "precision": 0.46436274149896983,
            "recall_score": 0.45714285714285713,
            "f1": 0.43568989806056535
        },
        "test_6": {
            "accuracy": 0.45714285714285713,
            "precision": 0.46436274149896983,
            "recall_score": 0.45714285714285713,
            "f1": 0.43568989806056535
        },
        "test_7": {
            "accuracy": 0.45714285714285713,
            "precision": 0.46436274149896983,
            "recall_score": 0.45714285714285713,
            "f1": 0.43568989806056535
        },
        "test_8": {
            "accuracy": 0.45714285714285713,
            "precision": 0.46436274149896983,
            "recall_score": 0.45714285714285713,
            "f1": 0.43568989806056535
        }
    }
}